Gender,Married,Dependents,Education,Self_Employed,ApplicantIncome,CoapplicantIncome,LoanAmount,Loan_Amount_Term,Credit_History,Property_Area,Loan_Status
Male,No,1,Not Graduate,Yes,3067,2565,486.0,360,1,Urban,0
Female,Yes,0,Graduate,Yes,12790,861,645.0,240,0,Urban,0
Male,Yes,0,Graduate,No,11094,4917,605.0,360,1,Rural,0
Female,No,3,Graduate,Yes,8032,7328,362.0,240,1,Urban,1
Male,No,0,Graduate,Yes,7948,7801,550.0,120,0,Urban,0
Female,Yes,0,Not Graduate,,13992,1841,263.0,360,0,Semiurban,0
Female,Yes,0,Graduate,Yes,3020,1891,349.0,360,1,Urban,0
Female,Yes,0,Graduate,No,11702,299,398.0,240,0,Semiurban,0
Female,No,2,Graduate,Yes,4660,1130,674.0,360,1,Urban,0
Male,Yes,3,Graduate,Yes,3137,4438,601.0,360,1,Semiurban,0
Female,No,2,Not Graduate,No,9276,4374,368.0,360,0,Rural,0
Female,Yes,2,Not Graduate,Yes,15653,2967,474.0,360,0,Semiurban,1
Female,No,0,Graduate,Yes,12247,2479,181.0,360,1,Rural,1
Female,No,3,Not Graduate,No,12608,6638,572.0,240,1,Rural,1
Female,No,0,Not Graduate,Yes,11988,3680,409.0,360,0,Urban,0
Female,No,2,Not Graduate,No,12962,6466,396.0,360,1,Semiurban,1
Female,No,1,Not Graduate,Yes,9087,7705,548.0,360,1,Urban,1
Female,Yes,3,Not Graduate,Yes,3619,2537,461.0,360,1,Semiurban,0
Male,No,1,Graduate,Yes,13724,1621,97.0,240,1,Urban,1
Male,No,2,Not Graduate,No,8195,7623,237.0,360,0,Rural,0
Male,No,1,Graduate,Yes,8904,5078,164.0,360,0,Urban,1
Male,Yes,2,Graduate,Yes,7065,2327,527.0,360,1,Semiurban,0
Male,No,3,Not Graduate,No,4392,4974,72.0,480,0,Urban,0
Male,Yes,2,Graduate,Yes,14960,4120,181.0,360,1,Rural,1
Male,No,1,Not Graduate,No,12898,7244,438.0,360,1,Rural,1
Male,No,1,Not Graduate,Yes,10942,2047,501.0,360,0,Rural,0
Female,Yes,2,Not Graduate,No,7514,7931,377.0,240,1,Semiurban,1
Female,No,1,Graduate,Yes,13483,7488,609.0,360,0,Urban,0
Female,No,0,Graduate,No,9545,1445,647.0,360,1,Rural,0
Male,Yes,1,Graduate,Yes,8096,1316,135.0,180,0,Semiurban,0
Male,Yes,0,Not Graduate,No,8196,4265,669.0,120,1,Rural,0
Female,Yes,0,Graduate,No,5026,359,449.0,360,1,Rural,0
Male,No,1,Not Graduate,Yes,3108,2390,463.0,120,1,Semiurban,0
Female,No,3,Graduate,Yes,9675,3480,111.0,240,1,Rural,1
Male,No,3,Graduate,Yes,14408,7754,454.0,240,1,Rural,1
Male,No,1,Graduate,No,2706,7939,521.0,180,1,Semiurban,1
Female,No,1,Graduate,No,13987,1212,427.0,240,1,Urban,1
Male,Yes,0,Graduate,No,13552,7133,104.0,360,1,Urban,1
Male,Yes,3,Graduate,Yes,5729,727,390.0,120,1,Semiurban,0
Female,Yes,0,Not Graduate,No,10769,5988,658.0,360,1,Semiurban,1
Male,Yes,3,Not Graduate,Yes,4146,6765,520.0,360,0,Urban,0
Female,No,3,Not Graduate,No,12564,7126,139.0,240,1,Urban,1
Male,Yes,2,Graduate,Yes,11747,1787,673.0,180,1,Rural,0
Male,Yes,1,Graduate,No,6834,7147,673.0,360,1,Rural,0
Female,Yes,3,Not Graduate,No,2764,927,160.0,180,0,Urban,0
Male,Yes,2,Not Graduate,No,15583,4150,570.0,240,1,Semiurban,1
Female,Yes,2,Not Graduate,Yes,8128,3756,314.0,480,1,Urban,1
Female,Yes,3,Graduate,Yes,14482,2527,435.0,480,1,Rural,1
Female,No,3,Graduate,No,11426,176,339.0,360,0,Rural,0
Male,Yes,0,Not Graduate,Yes,12853,6176,558.0,240,1,Rural,1
Female,Yes,3,Not Graduate,Yes,12590,2684,697.0,360,0,Semiurban,0
Female,Yes,3,Not Graduate,No,4563,5293,566.0,360,0,Semiurban,0
Female,No,0,Not Graduate,No,6967,3281,655.0,240,1,Rural,0
Male,No,1,Graduate,No,8427,2989,664.0,360,1,Semiurban,0
Female,No,3,Not Graduate,No,8868,7090,108.0,120,0,Semiurban,1
Male,No,0,Not Graduate,Yes,2422,755,214.0,240,1,Rural,1
Female,No,1,Not Graduate,Yes,9561,5892,519.0,360,1,Semiurban,0
Male,No,2,Not Graduate,No,3990,5974,433.0,180,1,Rural,0
Female,Yes,2,Graduate,Yes,12355,3039,82.0,180,1,Semiurban,1
Female,No,3,Not Graduate,Yes,11499,2099,111.0,360,1,Rural,1
Male,Yes,0,Graduate,Yes,14899,42,388.0,480,1,Urban,1
Female,Yes,1,Not Graduate,No,12375,7494,450.0,360,1,Urban,1
Female,No,3,Graduate,No,7006,7581,159.0,360,1,Urban,1
Male,Yes,2,Not Graduate,Yes,15538,1927,161.0,480,1,Semiurban,1
Male,Yes,0,Not Graduate,Yes,7634,255,134.0,180,0,Rural,0
Female,No,1,Graduate,Yes,6426,982,417.0,360,1,Urban,0
Male,Yes,1,Graduate,No,14658,541,55.0,240,1,Urban,1
Male,Yes,2,Not Graduate,Yes,7060,6648,422.0,120,1,Rural,1
Female,No,1,Graduate,No,2884,7135,359.0,360,0,Rural,0
Male,No,2,Not Graduate,Yes,8467,1226,352.0,360,0,Semiurban,0
Female,Yes,1,Not Graduate,Yes,13098,5973,491.0,360,1,Semiurban,1
Male,No,2,Not Graduate,Yes,4490,1434,389.0,180,0,Semiurban,0
Female,No,0,Graduate,No,8373,2937,523.0,180,1,Urban,1
Male,Yes,2,Graduate,Yes,3644,4795,546.0,480,1,Urban,0
Female,Yes,3,Not Graduate,Yes,11547,5759,648.0,120,1,Rural,0
Female,Yes,0,Not Graduate,Yes,8555,6996,569.0,240,1,Semiurban,0
Male,Yes,1,Not Graduate,Yes,6488,358,386.0,240,1,Rural,0
Male,Yes,2,Graduate,Yes,5022,1571,369.0,360,0,Rural,0
Female,Yes,2,Not Graduate,No,9815,2244,203.0,360,1,Urban,1
Female,Yes,2,Not Graduate,Yes,11311,2482,439.0,360,1,Urban,1
Female,Yes,2,Not Graduate,Yes,15152,7984,140.0,120,1,Rural,1
Male,Yes,2,Graduate,Yes,8007,6219,655.0,240,1,Urban,1
Female,Yes,2,Not Graduate,No,4081,2563,599.0,360,1,Semiurban,1
Female,Yes,0,Not Graduate,Yes,13624,7774,127.0,360,1,Rural,1
Male,Yes,3,Graduate,Yes,10742,3994,560.0,360,0,Rural,0
Male,No,1,Not Graduate,Yes,11743,4005,126.0,360,1,Rural,1
Male,Yes,0,Not Graduate,Yes,3180,3469,518.0,360,1,Urban,0
Female,No,1,Graduate,Yes,6235,1151,107.0,120,0,Urban,0
Male,No,1,Not Graduate,No,12703,7474,367.0,240,0,Urban,0
Male,No,0,Not Graduate,,13618,111,477.0,360,1,Urban,1
Female,No,3,Not Graduate,Yes,7980,1394,523.0,240,0,Urban,0
Male,Yes,0,Graduate,Yes,13227,1837,322.0,360,1,Rural,1
Female,No,1,Not Graduate,Yes,13752,2234,649.0,360,0,Urban,0
Female,Yes,1,Not Graduate,No,7302,1054,553.0,360,0,Rural,0
Female,Yes,3,Graduate,No,14552,143,185.0,360,1,Semiurban,1
Female,Yes,2,Not Graduate,No,5894,5421,,360,1,Semiurban,0
Female,Yes,3,Graduate,Yes,5201,7754,524.0,480,0,Urban,0
Female,Yes,0,Graduate,No,11491,974,266.0,360,0,Urban,0
Female,Yes,3,Not Graduate,Yes,10842,2372,529.0,360,0,Semiurban,0
Male,No,3,Graduate,No,3784,4050,633.0,240,1,Urban,0
Male,No,1,Graduate,No,13624,7420,581.0,360,1,Rural,1
Female,Yes,2,Graduate,No,4638,5554,545.0,360,0,Urban,0
Male,No,0,Not Graduate,No,13229,6129,462.0,180,0,Urban,0
Female,Yes,3,Graduate,Yes,1904,4648,225.0,240,1,Rural,1
Female,Yes,3,Not Graduate,Yes,13115,3336,566.0,480,1,Semiurban,1
Female,No,1,Not Graduate,No,12974,1598,286.0,360,1,Urban,1
Male,No,2,Not Graduate,Yes,12881,6914,395.0,180,1,Rural,1
Male,Yes,1,Not Graduate,No,11240,6432,254.0,240,0,Urban,0
Male,Yes,0,Graduate,No,8496,200,253.0,180,0,Rural,0
Female,Yes,2,Graduate,No,11813,5723,152.0,120,0,Rural,1
Female,Yes,2,Not Graduate,Yes,5735,675,674.0,480,1,Rural,0
Female,Yes,3,Not Graduate,No,12886,5911,146.0,360,1,Rural,1
Female,No,3,Not Graduate,Yes,9690,6607,106.0,240,1,Urban,1
Female,No,1,Graduate,Yes,8316,1048,658.0,360,1,Rural,1
Female,Yes,3,Graduate,Yes,8979,3470,410.0,120,1,Urban,0
Male,No,2,Not Graduate,No,9876,990,334.0,240,1,Semiurban,0
Female,Yes,2,Not Graduate,No,2329,4538,529.0,360,0,Urban,0
Male,Yes,2,Graduate,No,3785,7420,299.0,360,0,Semiurban,0
Female,Yes,3,Not Graduate,No,5285,646,133.0,480,0,Rural,0
Female,No,2,Not Graduate,Yes,3426,3180,524.0,360,1,Semiurban,0
Male,No,0,Graduate,Yes,8042,7784,164.0,360,0,Urban,0
Female,No,0,Not Graduate,No,11291,2407,409.0,360,1,Urban,1
Male,Yes,1,Graduate,Yes,11092,1057,666.0,480,1,Rural,0
Female,No,2,Graduate,Yes,8489,3908,658.0,360,1,Semiurban,1
Male,Yes,2,Graduate,No,13942,4066,284.0,480,0,Semiurban,1
Male,Yes,1,Not Graduate,No,9826,5302,557.0,360,0,Semiurban,0
Female,No,2,Not Graduate,Yes,2924,2509,448.0,360,0,Urban,0
Male,Yes,3,Not Graduate,No,12662,7644,361.0,180,1,Semiurban,1
Female,No,1,Not Graduate,Yes,9959,4168,,360,1,Semiurban,1
Female,No,1,Graduate,Yes,10813,2291,294.0,360,1,Rural,0
Male,No,2,Graduate,Yes,9828,7682,473.0,360,0,Semiurban,0
Male,Yes,1,Graduate,No,9660,7398,691.0,360,1,Rural,0
Male,Yes,3,Not Graduate,Yes,3086,3993,53.0,480,1,Rural,0
Male,No,3,Not Graduate,Yes,9740,198,,480,1,Urban,0
Male,No,2,Not Graduate,No,13087,4775,600.0,240,1,Semiurban,1
Female,No,1,Graduate,No,6116,4441,668.0,360,0,Semiurban,0
Male,No,2,Graduate,No,10360,1185,325.0,360,1,Urban,1
Female,Yes,0,Graduate,No,2237,5071,127.0,240,0,Urban,0
Male,Yes,1,Graduate,No,6734,6726,226.0,180,1,Rural,1
Female,No,0,Graduate,No,8001,847,602.0,120,0,Semiurban,0
Female,Yes,0,Not Graduate,No,15754,5786,620.0,360,0,Urban,0
Male,No,0,Not Graduate,No,4847,1122,464.0,360,1,Urban,0
Female,Yes,2,Graduate,Yes,5726,5990,129.0,480,0,Urban,0
Male,No,0,Graduate,Yes,7601,3352,129.0,360,1,Urban,1
Male,No,2,Not Graduate,No,15895,52,360.0,480,1,Urban,1
Female,Yes,1,Graduate,Yes,13918,7729,432.0,360,0,Rural,0
Female,Yes,1,Graduate,No,2292,1327,71.0,360,1,Rural,0
Male,No,3,Not Graduate,,5121,4768,495.0,120,1,Semiurban,0
Male,Yes,2,Not Graduate,No,13467,1451,403.0,360,1,Semiurban,1
Male,No,2,Not Graduate,Yes,2627,7464,57.0,360,0,Rural,0
Male,No,2,Graduate,No,13950,5906,112.0,480,1,Rural,1
Male,No,0,Not Graduate,Yes,5795,6434,,360,0,Urban,0
Male,Yes,0,Graduate,Yes,14830,3456,519.0,120,0,Rural,0
Female,No,2,Graduate,Yes,5969,3739,586.0,240,0,Urban,0
Male,Yes,3,Not Graduate,,7967,5074,,120,1,Urban,1
Female,No,0,Not Graduate,Yes,11199,6278,241.0,180,1,Semiurban,1
Female,No,0,Graduate,No,3593,6775,679.0,360,1,Rural,0
Female,Yes,3,Not Graduate,Yes,9709,142,348.0,360,1,Urban,1
Male,Yes,3,Graduate,Yes,8971,5308,255.0,360,1,Urban,1
Female,Yes,0,Graduate,No,12931,873,337.0,360,1,Urban,1
Female,No,1,Graduate,Yes,15944,2303,57.0,360,1,Semiurban,1
Male,Yes,2,Not Graduate,,11233,6635,246.0,360,1,Rural,1
Female,Yes,0,Not Graduate,No,7610,2004,385.0,120,0,Urban,0
Male,No,1,Graduate,No,7570,6374,646.0,240,0,Urban,0
Female,No,1,Graduate,No,7735,3704,529.0,360,1,Urban,0
Male,No,2,Graduate,Yes,13359,1861,,360,1,Urban,1
Female,No,1,Graduate,No,6361,2673,404.0,120,1,Urban,1
Male,No,1,Graduate,Yes,4171,4246,121.0,360,0,Semiurban,0
Male,No,1,Graduate,No,6546,6121,304.0,360,1,Semiurban,1
Male,Yes,3,Not Graduate,No,2122,4848,698.0,120,0,Semiurban,0
Male,No,0,Graduate,Yes,3307,7465,78.0,360,0,Rural,0
Male,No,0,Graduate,Yes,3078,6941,621.0,360,0,Semiurban,0
Male,No,0,Not Graduate,Yes,12756,6026,494.0,360,0,Urban,0
Male,No,3,Graduate,Yes,12057,4824,234.0,240,1,Semiurban,1
Female,No,3,Graduate,Yes,11694,2318,555.0,360,0,Urban,0
Female,Yes,2,Graduate,No,8358,3300,,240,1,Rural,1
Female,No,0,Graduate,Yes,11982,951,78.0,360,1,Urban,1
Female,No,3,Graduate,Yes,4090,2993,119.0,240,1,Urban,1
Male,Yes,1,Not Graduate,No,14588,7411,482.0,360,1,Rural,1
Male,No,3,Graduate,Yes,8914,3407,,240,0,Semiurban,0
Male,Yes,1,Not Graduate,No,15120,909,65.0,240,1,Urban,1
Male,No,3,Not Graduate,No,3962,5215,482.0,360,1,Rural,0
Male,No,3,Graduate,No,8862,7700,138.0,180,1,Urban,1
Female,Yes,0,Graduate,Yes,11687,6939,472.0,120,1,Rural,1
Female,Yes,2,Graduate,Yes,8837,2192,455.0,240,0,Rural,0
Female,No,1,Graduate,No,8135,3631,108.0,360,1,Semiurban,1
Male,Yes,1,Not Graduate,No,4160,4248,492.0,360,0,Semiurban,0
Female,No,1,Not Graduate,Yes,7210,1982,633.0,480,0,Semiurban,0
Male,Yes,2,Graduate,No,5190,2149,611.0,240,0,Semiurban,0
Male,No,1,Graduate,No,6081,1893,68.0,360,1,Urban,1
Male,No,2,Graduate,Yes,11508,7956,209.0,180,1,Urban,1
Female,No,2,Not Graduate,No,10750,5968,206.0,360,1,Urban,1
Male,Yes,3,Not Graduate,Yes,10422,6726,344.0,480,1,Rural,1
Male,No,3,Graduate,No,6937,6532,142.0,360,0,Urban,0
Male,Yes,0,Graduate,No,15427,7673,605.0,360,1,Semiurban,1
Male,Yes,3,Graduate,No,3044,842,554.0,240,1,Rural,0
Male,Yes,0,Graduate,,6664,7053,575.0,480,1,Rural,0
Male,No,2,Graduate,Yes,3475,532,178.0,360,0,Urban,0
Male,No,1,Graduate,No,6613,3803,59.0,180,1,Urban,1
Male,Yes,2,Graduate,No,15458,4755,,240,0,Rural,0
Male,Yes,2,Graduate,No,7000,2862,237.0,120,0,Urban,0
Male,No,3,Graduate,Yes,14701,1169,476.0,240,1,Urban,1
Female,Yes,1,Not Graduate,Yes,8829,1538,641.0,120,0,Rural,0
Male,Yes,3,Not Graduate,No,11735,6597,73.0,360,0,Rural,1
Female,No,1,Graduate,Yes,8295,2549,53.0,360,1,Rural,1
Female,Yes,0,Graduate,No,5575,2482,53.0,240,1,Rural,1
Male,No,1,Not Graduate,Yes,12652,7386,151.0,360,1,Urban,1
Male,No,2,Not Graduate,Yes,15562,1150,83.0,480,0,Urban,1
Male,Yes,2,Graduate,Yes,5542,7322,582.0,360,1,Urban,0
Male,Yes,3,Not Graduate,No,12858,7367,443.0,360,1,Urban,1
Male,No,0,Graduate,No,5508,4788,687.0,240,1,Rural,0
Male,No,1,Graduate,Yes,11979,1324,570.0,360,1,Urban,0
Male,No,3,Not Graduate,Yes,13003,1246,676.0,240,1,Semiurban,0
Male,Yes,1,Not Graduate,No,8180,2277,205.0,240,1,Rural,1
Female,No,0,Not Graduate,,12264,4619,237.0,480,0,Rural,0
Male,No,3,Graduate,No,5665,1228,602.0,360,0,Urban,0
Female,Yes,1,Not Graduate,Yes,2925,3645,209.0,360,1,Semiurban,0
Male,No,3,Graduate,Yes,3168,923,87.0,360,1,Semiurban,1
Female,No,3,Not Graduate,Yes,8147,4322,484.0,360,0,Rural,0
Male,Yes,3,Graduate,No,14616,169,570.0,240,1,Semiurban,1
Female,Yes,2,Graduate,Yes,3611,5672,679.0,240,1,Urban,0
Female,No,3,Not Graduate,No,8272,443,653.0,240,1,Rural,0
Male,Yes,3,Not Graduate,Yes,11797,1558,128.0,180,1,Rural,1
Female,Yes,1,Not Graduate,Yes,4673,1397,551.0,360,1,Semiurban,0
Male,Yes,0,Graduate,No,12046,6647,599.0,240,1,Urban,1
Male,No,1,Graduate,No,6144,427,503.0,360,0,Semiurban,0
Female,Yes,2,Not Graduate,Yes,13282,3434,582.0,360,1,Rural,1
Female,No,2,Not Graduate,Yes,10024,4729,594.0,360,1,Rural,0
Male,No,0,Graduate,Yes,9566,4127,340.0,360,1,Semiurban,1
Female,No,2,Not Graduate,No,4310,5445,76.0,360,1,Urban,1
Female,No,0,Not Graduate,Yes,8377,6424,346.0,480,1,Semiurban,1
Female,Yes,2,Graduate,Yes,13963,3149,181.0,360,1,Rural,1
Male,Yes,2,Not Graduate,,2077,6625,123.0,360,1,Rural,1
Female,Yes,2,Not Graduate,No,12570,2543,131.0,480,1,Urban,1
Male,No,1,Not Graduate,Yes,8797,7875,503.0,360,1,Urban,1
Female,No,1,Not Graduate,No,12016,4036,377.0,180,1,Semiurban,1
Female,Yes,2,Graduate,Yes,11218,5888,400.0,360,0,Urban,0
Female,No,2,Not Graduate,Yes,7935,7000,534.0,180,1,Rural,1
Female,No,3,Not Graduate,Yes,6183,6341,406.0,360,1,Urban,0
Female,Yes,1,Not Graduate,Yes,10707,6809,459.0,480,0,Semiurban,0
Male,Yes,1,Not Graduate,Yes,3791,4292,105.0,360,0,Rural,0
Male,Yes,1,Graduate,No,10094,347,603.0,360,1,Rural,0
Female,Yes,2,Graduate,Yes,3144,3944,341.0,120,1,Rural,0
Male,Yes,0,Graduate,No,11027,1451,150.0,480,1,Urban,1
Female,No,1,Not Graduate,Yes,10728,7112,578.0,180,0,Rural,0
Male,No,0,Not Graduate,Yes,2999,1893,527.0,120,0,Semiurban,0
Female,No,2,Not Graduate,Yes,12556,1824,84.0,240,0,Urban,0
Male,Yes,3,Graduate,Yes,7704,1995,175.0,120,1,Semiurban,1
Male,No,3,Not Graduate,No,12973,5140,60.0,360,1,Semiurban,1
Male,Yes,1,Graduate,Yes,2390,4569,225.0,360,0,Semiurban,0
Male,Yes,0,Graduate,No,4348,7590,114.0,240,1,Urban,1
Male,No,0,Not Graduate,No,8814,3330,511.0,120,0,Semiurban,0
Male,No,0,Graduate,No,4472,2258,389.0,180,0,Semiurban,0
Female,Yes,3,Graduate,Yes,6484,394,687.0,240,0,Urban,0
Female,Yes,3,Graduate,Yes,11180,56,537.0,120,0,Rural,0
Female,No,2,Graduate,No,3852,2988,447.0,360,1,Urban,0
Female,No,0,Graduate,Yes,11423,7406,381.0,240,1,Rural,1
Female,Yes,0,Not Graduate,Yes,3268,4190,85.0,240,0,Urban,0
Female,No,3,Not Graduate,No,4287,7148,95.0,240,1,Rural,1
Male,No,1,Graduate,No,10144,813,450.0,360,1,Semiurban,0
Female,Yes,0,Graduate,No,13067,746,52.0,120,1,Urban,1
Male,No,0,Graduate,Yes,4222,6667,77.0,180,1,Urban,1
Male,No,1,Graduate,No,6059,853,192.0,360,0,Rural,0
Female,No,2,Not Graduate,Yes,14936,415,624.0,120,1,Rural,1
Male,Yes,3,Graduate,No,15853,3232,348.0,360,0,Urban,0
Female,Yes,1,Graduate,No,10051,7398,511.0,360,1,Semiurban,1
Female,No,2,Graduate,No,8147,5515,317.0,240,1,Semiurban,1
Female,No,0,Graduate,No,6725,792,162.0,360,1,Urban,0
Female,Yes,0,Graduate,Yes,10496,6697,291.0,360,0,Semiurban,1
Female,No,0,Graduate,Yes,10190,6748,109.0,360,1,Rural,1
Male,No,3,Not Graduate,Yes,5985,6405,550.0,240,1,Rural,1
Female,Yes,2,Not Graduate,Yes,2123,7221,169.0,240,1,Rural,1
Male,No,3,Not Graduate,No,3951,1919,294.0,240,1,Urban,0
Male,Yes,0,Graduate,Yes,15411,7836,687.0,360,1,Urban,1
Male,Yes,0,Not Graduate,No,7737,2565,434.0,360,1,Semiurban,0
Male,Yes,3,Not Graduate,Yes,8648,6416,348.0,240,0,Urban,0
Female,Yes,0,Graduate,Yes,8432,4634,402.0,240,1,Semiurban,1
Male,No,0,Graduate,Yes,12914,6235,559.0,480,1,Urban,1
Female,Yes,2,Not Graduate,No,2722,5022,215.0,120,1,Urban,1
Female,No,2,Graduate,No,2974,5139,463.0,360,0,Urban,0
Female,Yes,0,Graduate,No,5717,4930,617.0,360,0,Urban,0
Female,No,1,Not Graduate,Yes,8710,6231,422.0,180,1,Rural,1
Male,Yes,2,Not Graduate,Yes,11329,5912,340.0,120,1,Urban,1
Male,No,1,Not Graduate,No,8768,1076,144.0,180,1,Rural,1
Female,No,1,Not Graduate,No,8064,6608,211.0,480,1,Urban,1
Female,No,0,Not Graduate,Yes,15117,4288,664.0,120,1,Urban,0
Female,Yes,1,Not Graduate,No,4086,2584,401.0,180,1,Semiurban,1
Male,Yes,3,Graduate,Yes,9918,4113,245.0,120,1,Rural,1
Male,Yes,2,Not Graduate,Yes,9499,7735,321.0,180,1,Urban,1
Male,Yes,3,Not Graduate,No,8523,6860,425.0,360,1,Urban,1
Male,Yes,0,Not Graduate,Yes,13267,6669,399.0,240,0,Rural,1
Male,No,0,Not Graduate,Yes,5591,3702,504.0,360,1,Semiurban,1
Female,Yes,2,Graduate,No,15343,6273,,360,0,Semiurban,1
Male,Yes,0,Graduate,No,6508,3080,472.0,360,0,Rural,0
Female,Yes,2,Graduate,Yes,9539,5489,337.0,120,1,Rural,1
Female,No,3,Graduate,Yes,9193,5116,661.0,360,1,Semiurban,1
Female,No,1,Graduate,No,13866,1998,152.0,360,0,Semiurban,0
Male,No,2,Not Graduate,No,8032,2131,146.0,180,1,Urban,1
Male,Yes,2,Not Graduate,No,5840,489,350.0,360,1,Urban,0
Female,Yes,0,Graduate,No,2106,1118,380.0,360,0,Semiurban,0
Male,No,3,Graduate,Yes,6964,3468,499.0,240,0,Urban,0
Female,No,0,Not Graduate,No,13533,3823,312.0,480,0,Rural,1
Female,Yes,3,Not Graduate,Yes,1940,1320,643.0,360,1,Rural,0
Male,Yes,2,Not Graduate,Yes,14525,3335,358.0,360,1,Urban,1
Female,Yes,0,Graduate,No,9508,4833,134.0,480,0,Semiurban,0
Male,No,2,Graduate,Yes,3791,1860,127.0,240,1,Urban,0
Male,Yes,0,Not Graduate,No,6090,2705,682.0,360,0,Semiurban,0
Female,No,2,Graduate,Yes,9667,2940,137.0,240,1,Urban,1
Female,No,3,Graduate,No,6282,4040,666.0,360,1,Semiurban,0
Male,No,3,Graduate,No,3341,2931,230.0,360,0,Semiurban,0
Female,No,3,Graduate,Yes,11257,5895,110.0,240,0,Semiurban,1
Female,Yes,1,Graduate,Yes,11345,2619,248.0,360,1,Semiurban,1
Female,No,2,Not Graduate,,3488,3471,449.0,240,1,Urban,0
Male,Yes,1,Graduate,Yes,5793,3035,,120,1,Rural,1
Male,Yes,3,Not Graduate,Yes,5263,1463,560.0,120,1,Rural,0
Female,Yes,1,Not Graduate,Yes,11163,5485,447.0,240,0,Rural,0
Female,Yes,3,Graduate,No,12170,1883,310.0,120,0,Semiurban,0
Female,Yes,1,Graduate,Yes,12123,2375,462.0,180,1,Rural,1
Male,Yes,2,Not Graduate,No,15130,6342,681.0,360,0,Semiurban,0
Male,Yes,0,Not Graduate,Yes,12714,7590,317.0,360,1,Rural,1
